movie_genres,movie_id,movie_title
[4],1681,You So Crazy (1994)
[4 7],1457,Love Is All There Is (1996)
[1 3],500,Fly Away Home (1996)
[0],838,In the Line of Duty 2 (1987)
[7],1648,"Niagara, Niagara (1997)"
[5],547,"Young Poisoner's Handbook, The (1995)"
[7],387,"Age of Innocence, The (1993)"
[7],1495,Flirt (1995)
[7],817,Frisk (1995)
[17],267,unknown
[7],1637,Girls Town (1996)
[7],1396,Stonewall (1995)
[ 0  1 14 18],498,"African Queen, The (1951)"
[ 7 16],852,"Bloody Child, The (1996)"
[ 0 16],685,Executive Decision (1996)
[0 1 4 5],231,Batman Returns (1992)
[ 4 18],719,Canadian Bacon (1994)
[3 7 8],308,FairyTale: A True Story (1997)
[10],445,"Body Snatcher, The (1945)"
[ 4 14],486,Sabrina (1954)
[ 1 15 16],355,Sphere (1998)
[7],1592,"Magic Hour, The (1998)"
[7],923,Raise the Red Lantern (1991)
[1 3],1033,Homeward Bound II: Lost in San Francisco (1996)
[4 5],248,Grosse Pointe Blank (1997)
[ 0  7 16],244,Smilla's Sense of Snow (1997)
[7],1285,Princess Caraboo (1994)
[ 4  7 14],512,Wings of Desire (1987)
[7],1578,"Collectionneuse, La (1967)"
[4],40,"To Wong Foo, Thanks for Everything! Julie Newmar (1995)"
[1 3],1031,Lassie (1994)
[7],1546,Shadows (Cienie) (1988)
[7],1541,"Beans of Egypt, Maine, The (1994)"
[ 7 12],543,"Misérables, Les (1995)"
[4],1479,Reckless (1995)
[7],1518,Losing Isaiah (1995)
[7],1347,"Ballad of Narayama, The (Narayama Bushiko) (1958)"
[ 4 10],637,"Howling, The (1981)"
[7],896,"Sweet Hereafter, The (1997)"
[7],1405,Boy's Life 2 (1997)
[10],447,Carrie (1976)
[ 5  7 13],1669,MURDER and murder (1996)
[ 4 12],629,Victor/Victoria (1982)
[15],760,Screamers (1995)
[7],920,Two Bits (1995)
[4],1527,Senseless (1998)
[7],981,Dangerous Ground (1997)
[4],1093,Live Nude Girls (1995)
[7],1323,"Wooden Man's Bride, The (Wu Kui) (1994)"
[3 4],539,Mouse Hunt (1997)
[ 7 18],647,Ran (1985)
[4 7],1588,Salut cousin! (1996)
[4 7],1165,Big Bully (1996)
[15],434,Forbidden Planet (1956)
[7],136,Mr. Smith Goes to Washington (1939)
[ 7 18],180,Apocalypse Now (1979)
[7],614,Giant (1956)
[7],1328,Of Love and Shadows (1994)
[5 7],56,Pulp Fiction (1994)
[4],907,Vermin (1998)
[ 0 16],144,Die Hard (1988)
[ 0  1  7 14],720,First Knight (1995)
[0 1 4 5],29,Batman Forever (1995)
[4],1494,"Mostro, Il (1994)"
[7],1583,"Invitation, The (Zaproszenie) (1986)"
[7],958,To Live (Huozhe) (1994)
[1 3 4],151,Willy Wonka and the Chocolate Factory (1971)
[ 4 16],992,Head Above Water (1996)
[4],290,Fierce Creatures (1997)
[ 0  1  4 10],201,Evil Dead II (1987)
[0 1 5],254,Batman & Robin (1997)
[4 7],65,What's Eating Gilbert Grape (1993)
[1 4 7],655,Stand by Me (1986)
[ 7 10],784,Beyond Bedlam (1993)
[4],1114,Faithful (1996)
[7],980,Mother Night (1996)
[2 3],1409,"Swan Princess, The (1994)"
[7],262,In the Company of Men (1997)
[ 7 14],283,Emma (1996)
[ 7 14],903,Afterglow (1997)
[10],861,Nosferatu a Venezia (1986)
[7],1389,Mondo (1996)
[ 0  5 16],1139,Hackers (1995)
[7],1266,Bread and Chocolate (Pane e cioccolata) (1973)
[3 7],626,So Dear to My Heart (1949)
[ 3  4 12],91,"Nightmare Before Christmas, The (1993)"
[13 16],291,Absolute Power (1997)
[ 0  1 15],82,Jurassic Park (1993)
[ 0  1 15],380,Star Trek: Generations (1994)
[0 3],1415,"Next Karate Kid, The (1994)"
[19],1454,Angel and the Badman (1947)
[ 4  7 14],1115,Twelfth Night (1996)
[ 0 16],752,"Replacement Killers, The (1998)"
[4],1463,"Boys, Les (1997)"
[ 9 13 16],1313,Palmetto (1998)
[ 7 14],1315,Inventing the Abbotts (1997)
[7],960,Naked (1993)
[4],1179,Man of the House (1995)
[ 0  1 15],230,Star Trek IV: The Voyage Home (1986)
[ 7 18],528,"Killing Fields, The (1984)"
[ 0 14 16],1089,Speed 2: Cruise Control (1997)
[7],496,It's a Wonderful Life (1946)
[7],1320,Homage (1995)
[4],1504,"Bewegte Mann, Der (1994)"
[16],1549,Dream Man (1995)
[ 0 16],550,Die Hard: With a Vengeance (1995)
[4],1014,Romy and Michele's High School Reunion (1997)
[4],238,Raising Arizona (1987)
[7],1075,"Man of No Importance, A (1994)"
[7],317,In the Name of the Father (1993)
[7],658,Pump Up the Volume (1990)
[ 7 18],1423,"Walking Dead, The (1995)"
[3 7],1473,"Little Princess, The (1939)"
[ 7 15],7,Twelve Monkeys (1995)
[ 2  3 12],588,Beauty and the Beast (1991)
[5],1245,Gridlock'd (1997)
[10],1243,Night Flier (1997)
[ 0  1 16],1314,Surviving the Game (1994)
[6 7],847,Looking for Richard (1996)
[6],954,Unzipped (1995)
[ 4 10],123,"Frighteners, The (1996)"
[ 7 14],1662,Rough Magic (1995)
[ 0 16],597,Eraser (1996)
[ 7 14 18 19],51,Legends of the Fall (1994)
[6],1307,Carmen Miranda: Bananas Is My Business (1994)
[14],1096,Commandments (1997)
[6],48,Hoop Dreams (1994)
[5],991,Keys to Tulsa (1997)
[ 0 16 18],879,"Peacemaker, The (1997)"
[4 7],1465,Last Summer in the Hamptons (1995)
[16],1090,Sliver (1993)
[6 7],1366,JLG/JLG - autoportrait de décembre (1994)
[7],1388,Gabbeh (1996)
[0 1],148,"Ghost and the Darkness, The (1996)"
[0 7],808,"Program, The (1993)"
[ 0 10],668,Blood Beach (1981)
[ 0  5 14],1610,"Truth or Consequences, N.M. (1997)"
[4 7],34,"Doom Generation, The (1995)"
[7],660,Fried Green Tomatoes (1991)
[ 0 16],295,Breakdown (1997)
[7],962,Ruby in Paradise (1993)
[0],586,Terminal Velocity (1994)
[7],1572,Wend Kuuni (God's Gift) (1982)
[6],677,Fire on the Mountain (1996)
[7],880,Soul Food (1997)
[ 0 14 18],241,"Last of the Mohicans, The (1992)"
[13 16],505,Dial M for Murder (1954)
[0],1364,Bird of Prey (1996)
[ 4 14],202,Groundhog Day (1993)
[7],1158,"Fille seule, La (A Single Girl) (1995)"
[16],1046,Malice (1993)
[7],1350,Crows and Sparrows (1949)
[ 7 16],974,Eye for an Eye (1996)
[7],1565,Daens (1992)
[ 7 14],1429,Sliding Doors (1998)
[7],1532,Foreign Student (1994)
[7],915,Primary Colors (1998)
[ 0  4  5 10 16],17,From Dusk Till Dawn (1996)
[ 7 16],1109,Death and the Maiden (1994)
[ 4  5  7 13],312,Midnight in the Garden of Good and Evil (1997)
[14 18],1357,For the Moment (1994)
[7],882,Washington Square (1997)
[7],464,Vanya on 42nd Street (1994)
[ 4  7 14],778,Don Juan DeMarco (1995)
[4],41,Billy Madison (1995)
[4 7],1333,Midnight Dancers (Sibak) (1994)
[4],1322,Metisse (Café au Lait) (1993)
[10 16],860,"Believers, The (1987)"
[0 7],1231,Marked for Death (1990)
[ 7 14],20,Angels and Insects (1995)
[19],661,High Noon (1952)
[4 7],1186,"Inkwell, The (1994)"
[4],1361,"Search for One-eye Jimmy, The (1996)"
[4 5 7],1104,C'est arrivé près de chez vous (1992)
[4],294,Liar Liar (1997)
[4],1140,"Road to Wellville, The (1994)"
[4],301,In & Out (1997)
[7],1512,"World of Apu, The (Apur Sansar) (1959)"
[16],1077,Love and a .45 (1994)
[7],1236,"Other Voices, Other Rooms (1997)"
[4],1283,Out to Sea (1997)
[ 7 18],205,Patton (1970)
[0 1 2 3 8],1076,"Pagemaster, The (1994)"
[ 7 14 18],483,Casablanca (1942)
[ 0  7 16],1025,Fire Down Below (1997)
[4],1054,Mr. Wrong (1996)
[7],1189,Prefontaine (1997)
[7],192,Raging Bull (1980)
[0 1],431,Highlander (1986)
[19],1455,"Outlaw, The (1943)"
[4],688,Leave It to Beaver (1997)
[ 7 13],587,"Hour of the Pig, The (1993)"
[13 16],479,Vertigo (1958)
[4],428,Harold and Maude (1971)
[ 9 16],673,Cape Fear (1962)
[ 7 14],662,Somewhere in Time (1980)
[5],1011,2 Days in the Valley (1996)
[6],1497,"Line King: Al Hirschfeld, The (1996)"
[ 0 16],912,U.S. Marshalls (1998)
[7],1205,"Secret Agent, The (1996)"
[4],1230,Ready to Wear (Pret-A-Porter) (1994)
[ 5  7 16],1069,Amateur (1994)
[6],814,"Great Day in Harlem, A (1994)"
[ 5 16],1598,City of Industry (1997)
[7],1682,Scream of Stone (Schrei aus Stein) (1991)
[ 4  7 14],692,"American President, The (1995)"
[4],13,Mighty Aphrodite (1995)
[4],1067,Bottle Rocket (1996)
[ 2  3 12],418,Cinderella (1950)
[4],105,Sgt. Bilko (1996)
[ 4 14],948,Booty Call (1997)
[16],987,Underworld (1997)
[10 14],217,Bram Stoker's Dracula (1992)
[13 15],1159,Stalker (1979)
[ 4 14],702,Barcelona (1994)
[ 3  4 13],878,That Darn Cat! (1997)
[7],1665,"Brother's Kiss, A (1997)"
[ 7 14],531,Shine (1996)
[ 7 16],979,"Trigger Effect, The (1996)"
[4 7],1426,Grace of My Heart (1996)
[ 7 16],1370,I Can't Sleep (J'ai pas sommeil) (1994)
[15 16],1210,Virtuosity (1995)
[ 5 16],1083,Albino Alligator (1996)
[ 7 14],594,Heavy (1995)
[ 7 16],1273,Color of Night (1994)
[4],1544,It Takes Two (1995)
[ 7 16],106,Diabolique (1996)
[0 7],686,"Perfect World, A (1993)"
[2 4],189,"Grand Day Out, A (1992)"
[7],1398,Anna (1996)
[ 0 15 16 18],176,Aliens (1986)
[ 7 14 18],549,Rob Roy (1995)
[4],1251,A Chef in Love (1996)
[6],1201,Marlene Dietrich: Shadow and Light (1996) 
[7],1645,"Butcher Boy, The (1998)"
[ 7 14],125,Phenomenon (1996)
[4 7],1460,Sleepover (1995)
[7],1335,American Buffalo (1996)
[ 7 14],1436,Mr. Jones (1993)
[15],1386,Tetsuo II: Body Hammer (1992)
[ 0  1 15 16],164,"Abyss, The (1989)"
[9],488,Sunset Blvd. (1950)
[10],816,Candyman: Farewell to the Flesh (1995)
[ 7 18],744,Michael Collins (1996)
[0 4],1484,"Jerky Boys, The (1994)"
[4],414,My Favorite Year (1982)
[ 5  7 13],327,Cop Land (1997)
[4 7],1103,Trust (1990)
[0 5],1304,New York Cop (1996)
[ 4 14],821,Mrs. Winterbourne (1996)
[16],983,"Rich Man's Wife, The (1996)"
[ 7 14],1290,Country Life (1994)
[7],1603,Angela (1995)
[7],1566,"Man from Down Under, The (1943)"
[7],887,Eve's Bayou (1997)
[0 1],210,Indiana Jones and the Last Crusade (1989)
[0 7],1365,Johnny 100 Pesos (1993)
[ 4 14],381,Muriel's Wedding (1994)
[3 7],417,"Parent Trap, The (1961)"
[1 3],1540,"Amazing Panda Adventure, The (1995)"
[ 4 14],1474,Nina Takes a Lover (1994)
[ 0  7 13],809,Rising Sun (1993)
[4],335,How to Be a Player (1997)
[7],365,Powder (1995)
[ 7 14],906,Oscar & Lucinda (1997)
[ 0  7 14 18],631,"Crying Game, The (1992)"
[7],1233,Nénette et Boni (1996)
[0],233,Under Siege (1992)
[ 4 14],216,When Harry Met Sally... (1989)
[4 8],1036,Drop Dead Fred (1991)
[ 0  1 15 16],358,Spawn (1997)
[4],524,"Great Dictator, The (1940)"
[ 2  3 12],624,"Three Caballeros, The (1945)"
[ 5 16],1198,Purple Noon (1960)
[15 18],474,Dr. Strangelove or: How I Learned to Stop Worrying and Love the Bomb (1963)
[ 0  7 14],207,Cyrano de Bergerac (1990)
[4],153,"Fish Called Wanda, A (1988)"
[4],393,Mrs. Doubtfire (1993)
[4 7],941,With Honors (1994)
[ 4 12 14],1458,"Damsel in Distress, A (1937)"
[ 5  9 13 16],770,Devil in a Blue Dress (1995)
[ 4 10],854,Bad Taste (1987)
[ 1  3  7 12],132,"Wizard of Oz, The (1939)"
[3 4 8],892,Flubber (1997)
[4],1659,Getting Away With Murder (1996)
[ 7 16],717,"Juror, The (1996)"
[7],822,Faces (1968)
[4],1492,Window to Paris (1994)
[3 8],1292,"Simple Wish, A (1997)"
[ 4 14],1521,Mr. Wonderful (1993)
[7],664,"Paris, Texas (1984)"
[1],530,"Man Who Would Be King, The (1975)"
[0],540,Money Train (1995)
[5],844,Freeway (1996)
[7],1039,Hamlet (1996)
[4],1177,Dunston Checks In (1996)
[1 3],389,Black Beauty (1994)
[ 5  7 16],1208,Kiss of Death (1995)
[ 0  5 13],334,U Turn (1997)
[7],994,"Last Time I Committed Suicide, The (1997)"
[4],1098,Flirting With Disaster (1996)
[7],146,Unhook the Stars (1996)
[4],1271,North (1994)
[0 5],1277,Set It Off (1996)
[7],15,Mr. Holland's Opus (1995)
[ 0 16],147,"Long Kiss Goodnight, The (1996)"
[ 0  4 12],186,"Blues Brothers, The (1980)"
[7],1671,"Further Gesture, A (1996)"
[7],1359,Boys in Venice (1996)
[4],793,Crooklyn (1994)
[ 4 14],1190,That Old Feeling (1997)
[4],1242,"Old Lady Who Walked in the Sea, The (Vieille qui marchait dans la mer, La) (1991)"
[7],1590,"To Have, or Not (1995)"
[16],1471,Hideaway (1995)
[12],968,"Inspector General, The (1949)"
[7],937,"Thousand Acres, A (1997)"
[ 7 14],1211,Blue Sky (1994)
[ 0 14 16],748,"Saint, The (1997)"
[7],807,Poetic Justice (1993)
[7],1352,Shadow of Angels (Schatten der Engel) (1976)
[6],645,Paris Is Burning (1990)
[6],1594,Everest (1998)
[ 4  7 14],1424,I Like It Like That (1994)
[ 4  8 14 15],411,"Nutty Professor, The (1996)"
[4],1071,Party Girl (1995)
[ 7 14],724,Circle of Friends (1995)
[ 5  7 13 16],914,Wild Things (1998)
[7],1643,Angel Baby (1995)
[ 0  1 13 15],769,Congo (1995)
[ 7 14],1137,Beautiful Thing (1996)
[4],26,"Brothers McMullen, The (1995)"
[4],1356,Ed's Next Move (1996)
[4],433,Heathers (1989)
[4],1246,Bushwhacked (1995)
[0 4],388,Beverly Hills Cop III (1994)
[7],865,"Ice Storm, The (1997)"
[ 7 12],1121,"Umbrellas of Cherbourg, The (Parapluies de Cherbourg, Les) (1964)"
[7],697,"Basketball Diaries, The (1995)"
[7],618,Picnic (1955)
[4],1644,Sudden Manhattan (1996)
[ 7 14],237,Jerry Maguire (1996)
[14],1216,Kissed (1996)
[4 7],1312,"Pompatus of Love, The (1996)"
[1],1116,"Mark of Zorro, The (1940)"
[7],1395,Hurricane Streets (1998)
[ 1  3 12],142,Bedknobs and Broomsticks (1971)
[7],799,Boys Life (1995)
[ 0  7 18],188,Full Metal Jacket (1987)
[0],263,Steel (1997)
[ 0  5 14],92,True Romance (1993)
[7],1221,When a Man Loves a Woman (1994)
[ 7 14],921,Farewell My Concubine (1993)
[ 0 14 16],68,"Crow, The (1994)"
[4],1094,"Thin Line Between Love and Hate, A (1996)"
[ 9 16],848,"Murder, My Sweet (1944)"
[4],1209,Mixed Nuts (1994)
[ 4 14],256,When the Cats Away (Chacun cherche son chat) (1996)
[ 0  1  4 10 15],184,Army of Darkness (1993)
[7],60,Three Colors: Blue (1993)
[1 3 7],78,Free Willy (1993)
[4],734,Made in America (1993)
[ 0  1  4 14],173,"Princess Bride, The (1987)"
[ 7 14],371,"Bridges of Madison County, The (1995)"
[ 1  2  3  4 12],993,Hercules (1997)
[ 2  3 12],473,James and the Giant Peach (1996)
[ 0 10],453,Jaws 3-D (1983)
[7],178,12 Angry Men (1957)
[7],1346,Dingo (1992)
[4 7],1170,Spanking the Monkey (1994)
[10],675,"Nosferatu (Nosferatu, eine Symphonie des Grauens) (1922)"
[ 7 18],935,Paradise Road (1997)
[ 1  2 15 16],206,Akira (1988)
[10 13 16],682,I Know What You Did Last Summer (1997)
[1 3],768,Casper (1995)
[ 9 16],1422,Suture (1993)
[7],454,Bastard Out of Carolina (1996)
[ 0  1 16],930,Chain Reaction (1996)
[7],1224,"Scout, The (1994)"
[14],1563,"Promise, The (Versprechen, Das) (1994)"
[19],621,"Davy Crockett, King of the Wild Frontier (1955)"
[ 0  4 18],80,Hot Shots! Part Deux (1993)
[ 4 16],1670,Tainted (1998)
[7],676,"Crucible, The (1996)"
[0],1372,"Stranger, The (1994)"
[ 7 14],714,Carrington (1995)
[ 0 19],177,"Good, The Bad and The Ugly, The (1966)"
[16],1073,Shallow Grave (1994)
[ 7 14],1119,Some Kind of Wonderful (1987)
[7],1538,All Over Me (1997)
[4],1461,Here Comes Cookie (1935)
[ 4 18],211,M*A*S*H (1970)
[ 2 15],1240,Ghost in the Shell (Kokaku kidotai) (1995)
[ 4 13],805,Manhattan Murder Mystery (1993)
[ 0 15 16],1596,Nemesis 2: Nebula (1995)
[7],1447,Century (1993)
[7],1619,All Things Fair (1996)
[6],115,"Haunted World of Edward D. Wood Jr., The (1995)"
[7],1008,I Shot Andy Warhol (1996)
[ 4 14],111,"Truth About Cats & Dogs, The (1996)"
[4],1007,Waiting for Guffman (1996)
[0],1222,Judgment Night (1993)
[ 4 18],1185,In the Army Now (1994)
[4 7],1631,"Slingshot, The (1993)"
[ 4 14],1072,"Pyromaniac's Love Story, A (1995)"
[7],867,"Whole Wide World, The (1996)"
[1 3],1503,Gold Diggers: The Secret of Bear Mountain (1995)
[ 7 14],1173,Bliss (1997)
[ 0  7 18],515,"Boot, Das (1981)"
[7],19,Antonia's Line (1995)
[ 2  3 12],420,Alice in Wonderland (1951)
[8],1576,"Hungarian Fairy Tale, A (1987)"
[7],1543,Johns (1996)
[7],985,Blood & Wine (1997)
[7],6,Shanghai Triad (Yao a yao yao dao waipo qiao) (1995)
[4],1349,Mille bolle blu (1993)
[7],1310,"Walk in the Sun, A (1945)"
[12],1459,Madame Butterfly (1995)
[7],503,"Candidate, The (1972)"
[4],497,Bringing Up Baby (1938)
[7],1107,Beyond Rangoon (1995)
[0 1 8],472,Dragonheart (1996)
[ 7 14],421,William Shakespeare's Romeo and Juliet (1996)
[4],1404,Withnail and I (1987)
[0 5 7],806,Menace II Society (1993)
[4],585,Son in Law (1993)
[ 0  7 16],1556,Condition Red (1995)
[6],1084,Anne Frank Remembered (1995)
[ 4 10],853,Braindead (1992)
[14],1580,Liebelei (1933)
[0 1 5],576,Cliffhanger (1993)
[1 3],1279,Wild America (1997)
[ 7 10],559,Interview with the Vampire (1994)
[ 4  5 13 16],902,"Big Lebowski, The (1998)"
[4],780,Dumb & Dumber (1994)
[ 7 14],306,"Mrs. Brown (Her Majesty, Mrs. Brown) (1997)"
[ 7 14],1406,When Night Is Falling (1995)
[0 1],266,Kull the Conqueror (1997)
[ 0 10],234,Jaws (1975)
[7],909,Dangerous Beauty (1998)
[ 4 12],965,Funny Face (1957)
[ 0  7 16],28,Apollo 13 (1995)
[1 3 7],35,Free Willy 2: The Adventure Home (1995)
[ 9 13],525,"Big Sleep, The (1946)"
[13],1581,"Woman in Question, The (1950)"
[ 1 15],919,"City of Lost Children, The (1995)"
[ 2  3  4 12],95,Aladdin (1992)
[4],1254,Gone Fishin' (1997)
[7],366,Dangerous Minds (1995)
[0],27,Bad Boys (1995)
[4],1567,Careful (1992)
[7],1443,8 Seconds (1994)
[ 9 15 16],691,Dark City (1998)
[7],1009,Stealing Beauty (1996)
[7],1343,Lotto Land (1995)
[7],1564,To Cross the Rubicon (1991)
[4 7],236,Citizen Ruth (1996)
[7],1144,"Quiet Room, The (1996)"
[4],1234,Chairman of the Board (1998)
[4 7],1614,"Reluctant Debutante, The (1958)"
[7],1430,Ill Gotten Gains (1997)
[4],801,"Air Up There, The (1994)"
[ 0 15 16],916,Lost in Space (1998)
[6],1629,Nico Icon (1995)
[5 7],1505,Killer: A Journal of Murder (1995)
[16],773,Mute Witness (1994)
[4],1570,Quartier Mozart (1992)
[ 7 14],1441,Moonlight and Valentino (1995)
[6],1022,"Fast, Cheap & Out of Control (1997)"
[14],872,Love Jones (1997)
[10],439,Amityville: A New Generation (1993)
[4 7],1627,"Wife, The (1995)"
[10 16],895,Scream 2 (1997)
[4],1080,Celestial Clockwork (1994)
[ 5 10 13 16],307,"Devil's Advocate, The (1997)"
[ 4 14],580,"Englishman Who Went Up a Hill, But Came Down a Mountain, The (1995)"
[6],1562,"Eye of Vichy, The (Oeil de Vichy, L') (1993)"
[ 7 12],1153,Backbeat (1993)
[10],669,Body Parts (1991)
[2 3],969,Winnie the Pooh and the Blustery Day (1968)
[1 3 7],457,Free Willy 3: The Rescue (1997)
[ 4  7 14],1100,What Happened Was... (1994)
[7],1214,In the Realm of the Senses (Ai no corrida) (1976)
[ 7 18],199,"Bridge on the River Kwai, The (1957)"
[10 16],834,Halloween: The Curse of Michael Myers (1995)
[7],1193,Before the Rain (Pred dozhdot) (1994)
[ 5  9 16],823,Mulholland Falls (1996)
[ 0 15 16],976,Solo (1996)
[7],1053,Now and Then (1995)
[ 0  1  4 15],257,Men in Black (1997)
[4],845,That Thing You Do! (1996)
[10],448,"Omen, The (1976)"
[ 0  7 14],1483,"Man in the Iron Mask, The (1998)"
[4],1500,Santa with Muscles (1996)
[4 6],1649,"Big One, The (1997)"
[7],617,"Blue Angel, The (Blaue Engel, Der) (1930)"
[ 4 12],1298,"Band Wagon, The (1953)"
[10 15],616,Night of the Living Dead (1968)
[7],1112,Cobb (1994)
[ 4 14],49,I.Q. (1994)
[ 4 14],836,Ninotchka (1939)
[5 7],1122,They Made Me a Criminal (1939)
[ 4 14],1487,Even Cowgirls Get the Blues (1993)
[7],287,Marvin's Room (1996)
[0 1 4],399,"Three Musketeers, The (1993)"
[4],1498,Farmer & Chase (1995)
[6],1482,"Gate of Heavenly Peace, The (1995)"
[ 4 13 14],394,Radioland Murders (1994)
[5],1081,Curdled (1996)
[ 4  7 18],944,Renaissance Man (1994)
[2 4],240,Beavis and Butt-head Do America (1996)
[0],1414,Coldblooded (1995)
[10 16],565,Village of the Damned (1995)
[4],1029,Jury Duty (1995)
[4 7],964,"Month by the Lake, A (1995)"
[ 4 14],1568,Vermont Is For Lovers (1992)
[ 9 14 16],489,Notorious (1946)
[7],303,Ulee's Gold (1997)
[ 0  4 12 15],1110,Tank Girl (1995)
[ 7 18],1176,Welcome To Sarajevo (1997)
[ 4 15],728,Junior (1994)
[5 7],1156,Cyclo (1995)
[ 0  2  3 15 16 18],426,"Transformers: The Movie, The (1986)"
[3 7],584,"Secret Garden, The (1993)"
[ 4 14],255,My Best Friend's Wedding (1997)
[7],59,Three Colors: Red (1994)
[6],766,Man of the Year (1995)
[6],850,"Perfect Candidate, A (1996)"
[7],1256,"Designated Mourner, The (1997)"
[ 4 14],1377,Hotel de Love (1996)
[7],37,Nadja (1994)
[5 7],1519,New Jersey Drive (1995)
[4],819,Eddie (1996)
[ 7 10],569,Wolf (1994)
[ 0 16],684,In the Line of Fire (1993)
[ 0  1 15],228,Star Trek: The Wrath of Khan (1982)
[ 7 16],619,Extreme Measures (1996)
[4],1654,Chairman of the Board (1998)
[ 1 14],1515,Wings of Courage (1995)
[ 0 10 15 16],665,Alien 3 (1992)
[10],442,"Amityville Curse, The (1990)"
[5],1606,Deceiver (1997)
[16],943,Killing Zoe (1994)
[4],425,Bob Roberts (1992)
[ 4 14],66,While You Were Sleeping (1995)
[3 7],1200,Kim (1950)
[ 0 14],849,Days of Thunder (1990)
[1 3],1469,Tom and Huck (1995)
[12 14],155,Dirty Dancing (1987)
[4 7],904,Ma vie en rose (My Life in Pink) (1997)
[5 7],1191,"Letter From Death Row, A (1998)"
[6],1585,American Dream (1990)
[10],440,Amityville II: The Possession (1982)
[ 7 14],14,"Postino, Il (1994)"
[4 7],1475,Bhaji on the Beach (1993)
[7],509,My Left Foot (1989)
[4 7],523,Cool Hand Luke (1967)
[3 4],261,Air Bud (1997)
[7],1650,"Butcher Boy, The (1998)"
[14],1434,Shooting Fish (1997)
[ 7 14],280,Up Close and Personal (1996)
[0],1088,Double Team (1997)
[7],707,Enchanted April (1991)
[5 9],1064,Crossfire (1947)
[3 4],138,D3: The Mighty Ducks (1996)
[ 4 12 14],1037,Grease 2 (1982)
[6],1141,"War Room, The (1993)"
[7],492,East of Eden (1955)
[5 7],1439,Jason's Lyric (1994)
[ 7 14],36,Mad Love (1995)
[ 0  1 14],1239,Cutthroat Island (1995)
[7],193,"Right Stuff, The (1983)"
[ 4 14],16,French Twist (Gazon maudit) (1995)
[7],640,"Cook the Thief His Wife & Her Lover, The (1989)"
[7],1672,Kika (1993)
[7],1021,8 1/2 (1963)
[ 1  3  8 15],1293,Star Kid (1997)
[10],379,Tales From the Crypt Presents: Demon Knight (1995)
[10],413,Tales from the Crypt Presents: Bordello of Blood (1996)
[16],359,"Assignment, The (1997)"
[10],351,"Prophecy II, The (1998)"
[ 7 14],462,Like Water For Chocolate (Como agua para chocolate) (1992)
[4 7],1403,Caro Diario (Dear Diary) (1994)
[7],874,Career Girls (1997)
[2 4],169,"Wrong Trousers, The (1993)"
[0 1],679,Conan the Barbarian (1981)
[0 1],491,"Adventures of Robin Hood, The (1938)"
[7],469,Short Cuts (1993)
[5 7],1106,"Newton Boys, The (1998)"
[ 7 14],553,"Walk in the Clouds, A (1995)"
[3 4],63,"Santa Clause, The (1994)"
[4],1550,Destiny Turns on the Radio (1995)
[2 3 4],422,Aladdin and the King of Thieves (1996)
[ 0  4 12],362,Blues Brothers 2000 (1998)
[0],397,Striking Distance (1993)
[ 7 12 18],214,Pink Floyd - The Wall (1982)
[3],1164,Zeus and Roxanne (1997)
[5 7],182,GoodFellas (1990)
[10],443,"Birds, The (1963)"
[2 3],1078,Oliver & Company (1988)
[ 5  7 16],329,Desperate Measures (1998)
[ 7 13 15 16],135,2001: A Space Odyssey (1968)
[13 16],159,Basic Instinct (1992)
[7],1658,"Substance of Fire, The (1996)"
[4],1035,Cool Runnings (1993)
[4],1059,Don't Be a Menace to South Central While Drinking Your Juice in the Hood (1996)
[0 5 7],1586,Lashou shentan (1992)
[ 7 14],278,Bed of Roses (1996)
[ 4 15],171,Delicatessen (1991)
[4],940,Airheads (1994)
[ 0  7 14],313,Titanic (1997)
[ 1  3  4  8 14 15],560,"Kid in King Arthur's Court, A (1995)"
[ 4 14],88,Sleepless in Seattle (1993)
[ 0 16],1548,The Courtyard (1995)
[0 1],829,Fled (1996)
[ 5  7 16],1213,Guilty as Sin (1993)
[3],600,Daniel Defoe's Robinson Crusoe (1996)
[13],533,"Daytrippers, The (1996)"
[ 0 14 16],33,Desperado (1995)
[ 7 16],1229,Poison Ivy II (1995)
[7],1319,"Neon Bible, The (1995)"
[7],729,Nell (1994)
[4],763,Happy Gilmore (1996)
[5],1510,Mad Dog Time (1996)
[ 0  7 19],510,"Magnificent Seven, The (1954)"
[7],1514,Dream With the Fishes (1997)
[ 5 16],336,Playing God (1997)
[10 16],1625,Nightwatch (1997)
[ 0  4 19],232,Young Guns (1988)
[ 0 14],161,Top Gun (1986)
[ 5  9 13 16],302,L.A. Confidential (1997)
[14],918,City of Angels (1998)
[ 0  1 14 15 18],50,Star Wars (1977)
[ 0  1 15],222,Star Trek: First Contact (1996)
[5 7],1226,Night Falls on Manhattan (1997)
[7],1220,Higher Learning (1995)
[13 16],513,"Third Man, The (1949)"
[ 7 16],77,"Firm, The (1993)"
[1 3 7],1608,Buddy (1997)
[4],1428,SubUrbia (1997)
[6],32,Crumb (1994)
[6],813,"Celluloid Closet, The (1995)"
[ 6 18],1065,Koyaanisqatsi (1983)
[ 7 14],846,To Gillian on Her 37th Birthday (1996)
[0],1250,Best of the Best 3: No Turning Back (1995)
[ 7 14],1160,Love! Valour! Compassion! (1997)
[ 4 13],1452,Lady of Burlesque (1943)
[ 7 14],1085,Carried Away (1996)
[4],1218,Friday (1995)
[7],772,Kids (1995)
[16],615,"39 Steps, The (1935)"
[4],613,My Man Godfrey (1936)
[ 7 14],246,Chasing Amy (1997)
[7],357,One Flew Over the Cuckoo's Nest (1975)
[0 4 7],74,Faster Pussycat! Kill! Kill! (1965)
[ 4  7 14],517,Manhattan (1979)
[4],1095,High School High (1996)
[4],1043,Rent-a-Kid (1995)
[10 15 16],573,Body Snatchers (1993)
[ 1 18],601,For Whom the Bell Tolls (1943)
[6],1331,"Last Klezmer: Leopold Kozlowski, His Life and Music, The (1995)"
[7],1584,"Symphonie pastorale, La (1946)"
[16],1621,Butterfly Kiss (1995)
[4],970,Hear My Song (1991)
[0],1407,"Specialist, The (1994)"
[14],1379,Love and Other Catastrophes (1996)
[ 0  1 16],566,Clear and Present Danger (1994)
[10],767,"Addiction, The (1995)"
[ 0  1 15],373,Judge Dredd (1995)
[4],1225,Angus (1995)
[14],694,Persuasion (1995)
[10],1520,"Fear, The (1995)"
[0 1],174,Raiders of the Lost Ark (1981)
[4 7],1026,"Lay of the Land, The (1997)"
[2],1367,Faust (1994)
[4],516,Local Hero (1983)
[4],604,It Happened One Night (1934)
[7],933,"Funeral, The (1996)"
[ 9 15],89,Blade Runner (1982)
[6],75,Brother Minister: The Assassination of Malcolm X (1994)
[7],272,Good Will Hunting (1997)
[ 4 13 14 16],945,Charade (1963)
[7],1163,"Portrait of a Lady, The (1996)"
[4],1420,Gilligan's Island: The Movie (1998)
[7],1345,"Day the Sun Turned Cold, The (Tianguo niezi) (1994)"
[ 7 12],557,Farinelli: il castrato (1994)
[ 5  7 14 16],129,Bound (1996)
[ 0  7 18],22,Braveheart (1995)
[5],1560,Clean Slate (Coup de Torchon) (1981)
[7],46,Exotica (1994)
[0],977,"Substitute, The (1996)"
[ 4  7 12],209,This Is Spinal Tap (1984)
[10],681,Wishmaster (1997)
[7],1195,Strawberry and Chocolate (Fresa y chocolate) (1993)
[ 7 14],213,"Room with a View, A (1986)"
[ 0 16],79,"Fugitive, The (1993)"
[ 0 16],300,Air Force One (1997)
[ 7 16],370,Mary Reilly (1996)
[ 4 14],988,"Beautician and the Beast, The (1997)"
[1 7],1126,"Old Man and the Sea, The (1958)"
[3 4],139,"Love Bug, The (1969)"
[13 14 16],574,Boxing Helena (1993)
[4],154,Monty Python's Life of Brian (1979)
[ 7 15],429,"Day the Earth Stood Still, The (1951)"
[ 4 12],630,"Great Race, The (1965)"
[4],683,Rocket Man (1997)
[7],461,Smoke (1995)
[4],1172,"Women, The (1939)"
[3 4],1032,Little Big League (1994)
[ 7 16],1174,Caught (1996)
[4 7],715,To Die For (1995)
[1 4],495,Around the World in 80 Days (1956)
[4 7],737,Sirens (1994)
[7],900,Kundun (1997)
[7],883,Telling Lies in America (1997)
[4],1030,"Beverly Hillbillies, The (1993)"
[4],251,Shall We Dance? (1996)
[ 7 10],561,Mary Shelley's Frankenstein (1994)
[10],446,Burnt Offerings (1976)
[ 4 12 14],1203,Top Hat (1935)
[7],711,"Substance of Fire, The (1996)"
[4 5 7],1647,Hana-bi (1997)
[4],476,"First Wives Club, The (1996)"
[ 5  7 16],5,Copycat (1995)
[10],437,Amityville 1992: It's About Time (1992)
[7],1542,"Scarlet Letter, The (1926)"
[ 5  7 14],544,Things to Do in Denver when You're Dead (1995)
[16],1624,Hush (1998)
[4],718,In the Bleak Midwinter (1995)
[15 16],931,"Island of Dr. Moreau, The (1996)"
[7],1375,"Cement Garden, The (1993)"
[7],279,Once Upon a Time... When We Were Colored (1995)
[10 16],1477,Nightwatch (1997)
[4 7],652,Rosencrantz and Guildenstern Are Dead (1990)
[0],810,"Shadow, The (1994)"
[ 4 14],732,Dave (1993)
[16],595,"Fan, The (1996)"
[ 0 15 16],298,Face/Off (1997)
[7],1055,"Simple Twist of Fate, A (1994)"
[4],168,Monty Python and the Holy Grail (1974)
[ 7 13],1101,Six Degrees of Separation (1993)
[14],1175,Hugo Pool (1997)
[7],1330,An Unforgettable Summer (1994)
[1 3 4],862,Jingle All the Way (1996)
[7],30,Belle de jour (1967)
[4],710,Better Off Dead... (1985)
[7],627,Robin Hood: Prince of Thieves (1991)
[7],555,White Man's Burden (1995)
[4],1446,"Bye Bye, Love (1995)"
[7],1261,"Run of the Country, The (1995)"
[ 1 15],1411,Barbarella (1968)
[16],1451,Foreign Correspondent (1940)
[4],85,"Ref, The (1994)"
[ 7 15],1006,Until the End of the World (Bis ans Ende der Welt) (1991)
[ 0 15 18],121,Independence Day (ID4) (1996)
[4],871,Vegas Vacation (1997)
[7],1344,"Story of Xinghua, The (1993)"
[7],639,"Tin Drum, The (Blechtrommel, Die) (1979)"
[ 4 12 14],1286,Shall We Dance? (1937)
[ 4 14],1269,Love in the Afternoon (1957)
[1],463,"Secret of Roan Inish, The (1994)"
[ 4 14],765,Boomerang (1992)
[4],959,Dazed and Confused (1993)
[4],163,"Return of the Pink Panther, The (1974)"
[4],926,Down Periscope (1996)
[7],750,Amistad (1997)
[12 14],485,My Fair Lady (1964)
[12],610,Gigi (1958)
[16],1131,Safe (1995)
[ 7 14],268,Chasing Amy (1997)
[ 4 15],577,Coneheads (1993)
[2 3],625,"Sword in the Stone, The (1963)"
[2 3],102,"Aristocats, The (1970)"
[4 5 8],72,"Mask, The (1994)"
[0 4],391,Last Action Hero (1993)
[0],833,Bulletproof (1996)
[7],1192,"Boys of St. Vincent, The (1993)"
[7],899,"Winter Guest, The (1997)"
[4 7],1241,"Van, The (1996)"
[ 0 10 15 16],183,Alien (1979)
[4],1609,B*A*P*S (1997)
[ 4 14],1655,"Favor, The (1994)"
[ 2  3 12],989,Cats Don't Dance (1997)
[ 0 16],128,Supercop (1992)
[4],1270,Life with Mikey (1993)
[7],529,My Life as a Dog (Mitt liv som hund) (1985)
[4],1622,"Paris, France (1993)"
[4],1288,Denise Calls Up (1995)
[7],693,Casino (1995)
[12],143,"Sound of Music, The (1965)"
[5 7],346,Jackie Brown (1997)
[7],1575,"I, Worst of All (Yo, la peor de todas) (1990)"
[ 7 13],124,Lone Star (1996)
[7],1533,I Don't Want to Talk About It (De eso no se habla) (1993)
[7],297,Ulee's Gold (1997)
[4 7],1074,Reality Bites (1994)
[7],1468,"Cure, The (1995)"
[6],1363,"Leopard Son, The (1996)"
[7],165,Jean de Florette (1986)
[1 3 8],1133,Escape to Witch Mountain (1975)
[4],1166,Love & Human Remains (1993)
[2 3],1066,Balto (1995)
[ 0 15 16],195,"Terminator, The (1984)"
[4],792,Bullets Over Broadway (1994)
[7],1445,Ladybird Ladybird (1994)
[ 0  7 16],917,Mercury Rising (1998)
[ 0 16],743,"Crow: City of Angels, The (1996)"
[ 4 18],687,McHale's Navy (1997)
[10],563,Stephen King's The Langoliers (1995)
[0 1],1523,"Good Man in Africa, A (1994)"
[16],1207,Jade (1995)
[7],776,Three Wishes (1995)
[0 7],1613,Tokyo Fist (1995)
[ 5 16],11,Seven (Se7en) (1995)
[1 3 4],1480,Herbie Rides Again (1974)
[ 0 16],761,Nick of Time (1995)
[18],1574,Pharaoh's Army (1995)
[7],1634,Etz Hadomim Tafus (Under the Domin Tree) (1994)
[4],579,Fatal Instinct (1993)
[7],633,"Christmas Carol, A (1938)"
[ 4 14],738,Threesome (1994)
[0 1],680,Kull the Conqueror (1997)
[7],782,Little Odessa (1994)
[ 4 14 16],490,To Catch a Thief (1955)
[ 7 14],1297,Love Affair (1994)
[ 4 14],709,Strictly Ballroom (1992)
[ 5  7 16],348,Desperate Measures (1998)
[7],1438,Panther (1995)
[7],1145,Blue Chips (1994)
[ 2  3  4 14],1219,"Goofy Movie, A (1995)"
[4],1351,Lover's Knot (1996)
[ 0  1 15],227,Star Trek VI: The Undiscovered Country (1991)
[ 7 14],1400,Picture Bride (1995)
[ 2  3 12],103,All Dogs Go to Heaven 2 (1996)
[19],470,Tombstone (1993)
[4],242,Kolya (1996)
[0 7],1597,Romper Stomper (1992)
[7],961,Orlando (1993)
[4 7],1295,Kicked in the Head (1997)
[3 4],259,George of the Jungle (1997)
[4],1051,"Associate, The (1996)"
[7],166,Manon of the Spring (Manon des sources) (1986)
[7],375,Showgirls (1995)
[1],826,"Phantom, The (1996)"
[ 7 16],1324,Loaded (1994)
[7],1486,Girl in the Cadillac (1995)
[7],459,"Cry, the Beloved Country (1995)"
[7],1334,Somebody to Love (1994)
[6],757,Across the Sea of Time (1995)
[7],1108,Feast of July (1995)
[7],1018,Tie Me Up! Tie Me Down! (1990)
[0],455,Jackie Chan's First Strike (1996)
[ 5  7 14 16],55,"Professional, The (1994)"
[9],1582,T-Men (1947)
[14 18],1124,"Farewell to Arms, A (1932)"
[4],494,His Girl Friday (1940)
[ 7 14],733,Go Fish (1994)
[16],198,Nikita (La Femme Nikita) (1990)
[ 7 14],716,Home for the Holidays (1995)
[ 0 10 15],353,Deep Rising (1998)
[4],790,Tommy Boy (1995)
[ 7 16],23,Taxi Driver (1976)
[14 18],1152,In Love and War (1996)
[7],18,"White Balloon, The (1995)"
[16],218,Cape Fear (1991)
[4],700,Miami Rhapsody (1995)
[ 1 16],331,"Edge, The (1997)"
[7],340,Boogie Nights (1997)
[ 4 14],70,Four Weddings and a Funeral (1994)
[6],1294,Ayn Rand: A Sense of Life (1997)
[ 7 18],690,Seven Years in Tibet (1997)
[10],551,Lord of Illusions (1995)
[7],1402,"Ciao, Professore! (1993)"
[0],1027,"Shooter, The (1995)"
[6],1184,"Endless Summer 2, The (1994)"
[7],1111,Double Happiness (1994)
[ 4 19],1000,Lightning Jack (1994)
[4],122,"Cable Guy, The (1996)"
[16],986,Turbulence (1997)
[ 0  1  7 14 15 18],172,"Empire Strikes Back, The (1980)"
[5],1280,Gang Related (1997)
[7],196,Dead Poets Society (1989)
[7],1636,Brothers in Trouble (1995)
[7],87,Searching for Bobby Fischer (1993)
[ 7 18],157,Platoon (1986)
[19],203,Unforgiven (1992)
[4 7],1308,Babyfever (1994)
[ 7 18],891,Bent (1997)
[ 7 18],641,Paths of Glory (1957)
[ 0  1 15 16],636,Escape from New York (1981)
[7],1316,"Horse Whisperer, The (1998)"
[1 3],1383,"Second Jungle Book: Mowgli & Baloo, The (1997)"
[10],1056,Cronos (1992)
[16],1275,Killer (Bulletproof Heart) (1994)
[5 7],1194,Once Were Warriors (1994)
[10],1157,"Relic, The (1997)"
[4],249,Austin Powers: International Man of Mystery (1997)
[7],330,187 (1997)
[7],1099,"Red Firecracker, Green Firecracker (1994)"
[7],1348,Every Other Weekend (1990)
[7],972,Passion Fish (1992)
[0 7],1657,Target (1995)
[ 0 15 16],96,Terminator 2: Judgment Day (1991)
[ 4 18],430,Duck Soup (1933)
[4 7],345,Deconstructing Harry (1997)
[ 7 14],1680,Sliding Doors (1998)
[ 0  7 18],326,G.I. Jane (1997)
[4],1057,"Pallbearer, The (1996)"
[15],1154,Alphaville (1965)
[14],1024,Mrs. Dalloway (1997)
[ 1 14],947,"Big Blue, The (Grand bleu, Le) (1988)"
[ 4 14],1028,Grumpier Old Men (1995)
[7],467,"Bronx Tale, A (1993)"
[7],1325,August (1996)
[4],1509,Getting Even with Dad (1994)
[16],975,Fear (1996)
[0 7],339,Mad City (1997)
[ 2  3 12],538,Anastasia (1997)
[ 7 16],315,Apt Pupil (1998)
[14],1493,"Modern Affair, A (1995)"
[4],1499,Grosse Fatigue (1994)
[ 4 14],1525,"Object of My Affection, The (1998)"
[ 1 14],877,Excess Baggage (1997)
[7],344,"Apostle, The (1997)"
[ 0 16],1019,"Die xue shuang xiong (Killer, The) (1989)"
[7],1117,Surviving Picasso (1996)
[10],672,Candyman (1992)
[3 4],996,"Big Green, The (1995)"
[1 3],1531,Far From Home: The Adventures of Yellow Dog (1995)
[ 3  4 13],1444,That Darn Cat! (1965)
[ 4 14],1258,Trial and Error (1997)
[ 7 16],1508,"Babysitter, The (1995)"
[ 7  8 16],558,Heavenly Creatures (1994)
[ 4 14 16],402,Ghost (1990)
[4],108,Kids in the Hall: Brain Candy (1996)
[ 0  1 15],229,Star Trek III: The Search for Spock (1984)
[ 4 14],1040,Two if by Sea (1996)
[7],475,Trainspotting (1996)
[4],42,Clerks (1994)
[7],1169,Fresh (1994)
[ 0 16],349,Hard Rain (1998)
[3 7],1063,"Little Princess, A (1995)"
[10],774,"Prophecy, The (1995)"
[7],735,Philadelphia (1993)
[7],1516,"Wedding Gift, The (1994)"
[2 3],1412,Land Before Time III: The Time of the Great Giving (1995) (V)
[18],1529,Underground (1995)
[4 7],1569,"Vie est belle, La (Life is Rosey) (1987)"
[6],857,Paris Was a Woman (1995)
[4 7],723,Boys on the Side (1995)
[0 4],881,Money Talks (1997)
[ 4 14],83,Much Ado About Nothing (1993)
[0],1362,American Strays (1996)
[ 7 15 16],270,Gattaca (1997)
[7],1666,Ripe (1996)
[4],104,Theodore Rex (1995)
[ 4 12],1079,Joe's Apartment (1996)
[7],1097,"Hate (Haine, La) (1995)"
[ 0 10],452,Jaws 2 (1978)
[4],364,Ace Ventura: When Nature Calls (1995)
[ 2  3 12],501,Dumbo (1941)
[ 0  1 16],1013,Anaconda (1997)
[2 3 4],1,Toy Story (1995)
[ 3  4 12],419,Mary Poppins (1964)
[ 4  7 16],337,"House of Yes, The (1997)"
[4],1302,Late Bloomers (1996)
[ 4 10],1371,"Machine, The (1994)"
[7],910,Nil By Mouth (1997)
[7],1535,"Enfer, L' (1994)"
[7],282,"Time to Kill, A (1996)"
[0 4],456,Beverly Hills Ninja (1997)
[ 5  9 16],656,M (1931)
[16],1431,Legal Deceit (1997)
[ 7 14],582,"Piano, The (1993)"
[ 0 16],546,Broken Arrow (1996)
[7],967,Little Lord Fauntleroy (1936)
[6],1378,Rhyme & Reason (1997)
[7],699,Little Women (1994)
[15 16],264,Mimic (1997)
[ 2  4 16],408,"Close Shave, A (1995)"
[2 3],404,Pinocchio (1940)
[10],667,Audrey Rose (1977)
[4],412,"Very Brady Sequel, A (1996)"
[3 4],894,Home Alone 3 (1997)
[7],1528,Nowhere (1997)
[4],804,Jimmy Hollywood (1994)
[7],224,Ridicule (1996)
[4],1023,Fathers' Day (1997)
[ 0 15],1419,Highlander III: The Sorcerer (1994)
[ 7 14],276,Leaving Las Vegas (1995)
[4],167,Private Benjamin (1980)
[15 16],925,Unforgettable (1996)
[7],851,Two or Three Things I Know About Her (1966)
[7],285,Secrets & Lies (1996)
[5 7],504,Bonnie and Clyde (1967)
[4 7],1425,I'll Do Anything (1994)
[14],1289,Jack and Sarah (1995)
[0 7],1161,Palookaville (1996)
[ 5  7 14],1462,"Thieves (Voleurs, Les) (1996)"
[7],107,Moll Flanders (1996)
[14],1652,Temptress Moon (Feng Yue) (1996)
[10 16],800,In the Mouth of Madness (1995)
[ 0 16],53,Natural Born Killers (1994)
[7],1418,"Joy Luck Club, The (1993)"
[4],908,Half Baked (1998)
[4 5],120,Striptease (1996)
[ 7 14 18],286,"English Patient, The (1996)"
[ 4 14],1502,Naked in New York (1994)
[7],1134,Get on the Bus (1996)
[0 1 5 7],403,Batman (1989)
[4 5],482,Some Like It Hot (1959)
[5],1151,Original Gangstas (1996)
[7],1591,Duoluo tianshi (1995)
[7],392,"Man Without a Face, The (1993)"
[4],756,Father of the Bride Part II (1995)
[ 4 14],478,"Philadelphia Story, The (1940)"
[ 0  7 18],803,Heaven & Earth (1993)
[3],791,"Baby-Sitters Club, The (1995)"
[13 16],592,True Crime (1995)
[ 0  1 16],827,Daylight (1996)
[ 2  3 12],99,Snow White and the Seven Dwarfs (1937)
[ 7 19],1004,Geronimo: An American Legend (1993)
[5],130,Kansas City (1996)
[ 4 14],786,"Perez Family, The (1995)"
[4],1664,8 Heads in a Duffel Bag (1997)
[ 1  3 14],465,"Jungle Book, The (1994)"
[4],158,Weekend at Bernie's (1989)
[3 7],1015,Shiloh (1997)
[ 4 16],480,North by Northwest (1959)
[3 4],795,Richie Rich (1994)
[7],1150,Last Dance (1996)
[7],762,Beautiful Girls (1996)
[6],1142,When We Were Kings (1996)
[7],1268,Bitter Moon (1992)
[7],1410,Harlem (1993)
[3 4],477,Matilda (1996)
[10],635,"Fog, The (1980)"
[ 4 13 16],659,Arsenic and Old Lace (1944)
[5 7],1453,Angel on My Shoulder (1946)
[2 3],946,"Fox and the Hound, The (1981)"
[7],1464,"Stars Fell on Henrietta, The (1995)"
[ 5  9 16],653,Touch of Evil (1958)
[10 16],288,Scream (1996)
[ 4 14],938,"Smile Like Yours, A (1997)"
[10 15 16],670,Body Snatchers (1993)
[ 7 14],253,"Pillow Book, The (1995)"
[10],674,Cat People (1982)
[4],407,Spy Hard (1996)
[ 4 19],575,City Slickers II: The Legend of Curly's Gold (1994)
[7],1149,Walkabout (1971)
[ 7 16],98,"Silence of the Lambs, The (1991)"
[6],884,Year of the Horse (1997)
[7],9,Dead Man Walking (1995)
[7],468,Rudy (1993)
[ 7 14],1300,'Til There Was You (1997)
[ 7 15],258,Contact (1997)
[4 7],1456,Beat the Devil (1954)
[ 5  9 16],1604,He Walked by Night (1948)
[4 7],787,Roommates (1995)
[ 4 10],564,Tales from the Hood (1995)
[7],1481,S.F.W. (1994)
[ 0  1 13],405,Mission: Impossible (1996)
[4],725,Exit to Eden (1994)
[7],863,"Garden of Finzi-Contini, The (Giardino dei Finzi-Contini, Il) (1970)"
[5 7],1638,Normal Life (1996)
[ 4 14],747,Benny & Joon (1993)
[ 5  7 16],100,Fargo (1996)
[14 16],886,"Life Less Ordinary, A (1997)"
[2],114,Wallace & Gromit: The Best of Aardman Animation (1996)
[ 4  7 14],170,Cinema Paradiso (1988)
[0 1 3],247,Turbo: A Power Rangers Movie (1997)
[4],952,Blue in the Face (1995)
[4],386,Addams Family Values (1993)
[ 7 18],318,Schindler's List (1993)
[ 7 14 18],1485,"Colonel Chabert, Le (1994)"
[7],1341,Hedd Wyn (1992)
[0 5 7],1478,Dead Presidents (1995)
[6],634,Microcosmos: Le peuple de l'herbe (1996)
[ 7 18],521,"Deer Hunter, The (1978)"
[7],1147,My Family (1995)
[ 7 12],1135,"Doors, The (1991)"
[0 3],314,3 Ninjas: High Noon At Mega Mountain (1998)
[4 7],1272,Talking About Sex (1994)
[ 0  4 15 18],235,Mars Attacks! (1996)
[ 7 14 16],1526,Witness (1985)
[7],1255,Broken English (1996)
[17],1373,Good Morning (1971)
[4],1167,"Sum of Us, The (1994)"
[7],1639,Bitter Sugar (Azucar Amargo) (1996)
[4],1070,Living in Oblivion (1995)
[4],1182,Cops and Robbersons (1994)
[7],1010,Basquiat (1996)
[7],620,"Chamber, The (1996)"
[7],1306,Delta of Venus (1994)
[6],973,Grateful Dead (1995)
[14],532,Kama Sutra: A Tale of Love (1996)
[7],1329,"Low Life, The (1994)"
[7],1267,Clockers (1995)
[2 3],1470,Gumby: The Movie (1995)
[0 4],1180,I Love Trouble (1994)
[0],759,Fair Game (1995)
[4],1593,Death in Brunswick (1991)
[ 7 14],905,Great Expectations (1998)
[16],1217,Assassins (1995)
[ 0 16],572,Blown Away (1994)
[4],1376,Meet Wally Sparks (1997)
[ 0  4 19],1188,Young Guns II (1990)
[4],1321,Open Season (1996)
[ 4 18],971,Mediterraneo (1991)
[5 7 9],299,Hoodlum (1997)
[7],1309,"Very Natural Thing, A (1974)"
[ 4 14],866,Michael (1996)
[7],1616,Desert Winds (1995)
[7],277,Restoration (1995)
[7],1380,Hollow Reed (1996)
[ 4 14],796,Speechless (1994)
[ 7 16],591,Primal Fear (1996)
[4],67,Ace Ventura: Pet Detective (1994)
[7],305,"Ice Storm, The (1997)"
[ 4 14],1041,Forget Paris (1995)
[ 0  5 16],273,Heat (1995)
[0 1 5],24,Rumble in the Bronx (1995)
[7],1488,Germinal (1993)
[4 7],712,Tin Men (1987)
[ 0  7 16],54,Outbreak (1995)
[7],1327,Captives (1994)
[7],612,Lost Horizon (1937)
[7],162,On Golden Pond (1981)
[15],552,Species (1995)
[4 7],382,"Adventures of Priscilla, Queen of the Desert, The (1994)"
[4],1178,Major Payne (1994)
[ 4 15],152,Sleeper (1973)
[4],999,Clean Slate (1994)
[4],1202,"Maybe, Maybe Not (Bewegte Mann, Der) (1994)"
[ 5  7 16],649,Once Upon a Time in America (1984)
[14],1617,Hugo Pool (1997)
[1 7],1058,"War, The (1994)"
[10],885,Phantoms (1998)
[13],324,Lost Highway (1997)
[10],436,"American Werewolf in London, An (1981)"
[7],57,Priest (1994)
[7],507,"Streetcar Named Desire, A (1951)"
[ 7 14],990,Anna Karenina (1997)
[7],134,Citizen Kane (1941)
[10 15],444,"Blob, The (1958)"
[7],698,"Browning Version, The (1994)"
[4],1589,Schizopolis (1996)
[ 1 14],1450,Golden Earrings (1947)
[7],1674,Mamma Roma (1962)
[7],137,Big Night (1996)
[ 0  1 16],117,"Rock, The (1996)"
[7],1536,Aiqing wansui (1994)
[7],296,"Promesse, La (1996)"
[0],1413,Street Fighter (1994)
[ 7 14],815,One Fine Day (1996)
[3 4],400,"Little Rascals, The (1994)"
[1 3],1060,"Adventures of Pinocchio, The (1996)"
[ 4 14],1259,Pie in the Sky (1995)
[12 14],602,"American in Paris, An (1951)"
[14],889,"Tango Lesson, The (1997)"
[7],1653,Entertaining Angels: The Dorothy Day Story (1996)
[4],395,Robin Hood: Men in Tights (1993)
[ 0 10 15],590,Hellraiser: Bloodline (1996)
[4],1374,Falling in Love Again (1980)
[ 0 16],689,"Jackal, The (1997)"
[7],1281,Manny & Lo (1996)
[4 7],481,"Apartment, The (1960)"
[0 4 7],4,Get Shorty (1995)
[3 7 8],832,Bogus (1996)
[0 1],554,Waterworld (1995)
[ 0  7 16],1559,Hostile Intentions (1994)
[7],1260,Total Eclipse (1995)
[16],984,Shadow Conspiracy (1997)
[ 0  1 14 15 18],181,Return of the Jedi (1983)
[4],1249,For Love or Money (1993)
[7],1382,"Bonheur, Le (1965)"
[14],870,Touch (1997)
[ 7 12],289,Evita (1996)
[ 5 16],1143,Hard Eight (1996)
[4],901,Mr. Magoo (1997)
[15],179,"Clockwork Orange, A (1971)"
[4],1513,Sprung (1997)
[ 0  1 16],118,Twister (1996)
[ 5  7 16],332,Kiss the Girls (1997)
[ 5 16],754,Red Corner (1997)
[3 4],929,Harriet the Spy (1996)
[ 9 13],484,"Maltese Falcon, The (1941)"
[4],998,Cabin Boy (1994)
[ 0 13 16],350,Fallen (1998)
[4],1337,Larger Than Life (1996)
[ 7 14],1545,Frankie Starlight (1995)
[7],1558,Aparajito (1956)
[7],1524,Kaspar Hauser (1993)
[7],950,Georgia (1995)
[7],1317,"Journey of August King, The (1995)"
[ 9 16],657,"Manchurian Candidate, The (1962)"
[4],1605,Love Serenade (1996)
[3 7],726,Fluke (1995)
[13 16],1020,Gaslight (1944)
[1 3],812,Andre (1994)
[4],864,My Fellow Americans (1996)
[5 7 9],642,"Grifters, The (1990)"
[7],61,Three Colors: White (1994)
[7],508,"People vs. Larry Flynt, The (1996)"
[ 7 16],939,Murder in the First (1995)
[7],1530,Jefferson in Paris (1995)
[4 7],1626,Nobody Loves Me (Keiner liebt mich) (1994)
[1 7],924,White Squall (1996)
[ 2  3 12],596,"Hunchback of Notre Dame, The (1996)"
[7],753,Burnt By the Sun (1994)
[7],1677,Sweet Nothing (1995)
[7],499,Cat on a Hot Tin Roof (1958)
[7],1602,"Price Above Rubies, A (1998)"
[7],1342,"Convent, The (Convento, O) (1995)"
[4 7],1311,Waiting to Exhale (1995)
[19],556,Wild Bill (1995)
[4 7],598,"Big Squeeze, The (1996)"
[ 4 14],220,"Mirror Has Two Faces, The (1996)"
[4],1047,Multiplicity (1996)
[ 7 14],736,Shadowlands (1993)
[ 1 18],511,Lawrence of Arabia (1962)
[ 7 14],197,"Graduate, The (1967)"
[ 2  3 12 14],542,Pocahontas (1995)
[ 0  1  4 18],110,Operation Dumbo Drop (1995)
[16],1399,Stranger in the House (1997)
[7],52,"Madness of King George, The (1994)"
[0],363,Sudden Death (1995)
[1 3],828,Alaska (1996)
[18],1501,Prisoner of the Mountains (Kavkazsky Plennik) (1996)
[19],570,Wyatt Earp (1994)
[6],811,Thirty-Two Short Films About Glenn Gould (1993)
[4],1301,Stripes (1981)
[4],1002,"Pest, The (1997)"
[0 1],890,Mortal Kombat: Annihilation (1997)
[7],1635,Two Friends (1986) 
[3 4],383,"Flintstones, The (1994)"
[7],837,Meet John Doe (1941)
[7],1577,"Death in the Garden (Mort en ce jardin, La) (1956)"
[ 5 16],156,Reservoir Dogs (1992)
[4],1537,Cosi (1996)
[ 4 15],204,Back to the Future (1985)
[7],1369,"Forbidden Christ, The (Cristo proibito, Il) (1950)"
[ 0  1 16],2,GoldenEye (1995)
[4],997,Stuart Saves His Family (1995)
[4 7],1012,Private Parts (1997)
[10 14 16],185,Psycho (1960)
[ 4 10],1052,Dracula: Dead and Loving It (1995)
[6],1641,Dadetown (1995)
[3 4],243,Jungle2Jungle (1997)
[ 4 10],1199,Cemetery Man (Dellamorte Dellamore) (1994)
[7],1265,Star Maps (1997)
[7],1171,Wild Reeds (1994)
[4],1305,National Lampoon's Senior Trip (1995)
[0],1552,"Hunted, The (1995)"
[7],1660,Small Faces (1995)
[4],1001,"Stupids, The (1996)"
[15],175,Brazil (1985)
[ 0  1 15],62,Stargate (1994)
[ 7 12],1278,Selena (1997)
[ 7 16 18],31,Crimson Tide (1995)
[4 7],789,Swimming with Sharks (1995)
[4],1049,House Arrest (1996)
[12 14],705,Singin' in the Rain (1952)
[4],721,Mallrats (1995)
[10],671,Bride of Frankenstein (1935)
[7],1257,"Designated Mourner, The (1997)"
[ 7 16],742,Ransom (1996)
[7],898,"Postman, The (1997)"
[ 7 14],1050,"Ghost and Mrs. Muir, The (1947)"
[13 16],333,"Game, The (1997)"
[4 7],695,Kicking and Screaming (1995)
[ 4 14],545,Vampire in Brooklyn (1995)
[7],536,Ponette (1996)
[4 7],316,As Good As It Gets (1997)
[ 0 15],578,Demolition Man (1993)
[10],858,Amityville: Dollhouse (1996)
[7],1196,"Savage Nights (Nuits fauves, Les) (1992)"
[10],219,"Nightmare on Elm Street, A (1984)"
[7],1678,Mat' i syn (1997)
[7],1326,Boys (1996)
[13 16],978,Heaven's Prisoners (1996)
[1 3],304,Fly Away Home (1996)
[ 7 13 16],356,"Client, The (1994)"
[13 16],1553,"Underneath, The (1995)"
[ 1 18],520,"Great Escape, The (1963)"
[4],321,Mother (1996)
[ 0  1  2 10 15],101,Heavy Metal (1981)
[7],1264,Nothing to Lose (1994)
[7],518,Miller's Crossing (1990)
[ 7 14 18],133,Gone with the Wind (1939)
[ 7 18],1663,Nothing Personal (1995)
[ 4 14],487,Roman Holiday (1953)
[7],927,"Flower of My Secret, The (Flor de mi secreto, La) (1995)"
[ 0  1 15],897,Time Tracers (1995)
[3 4],843,"Shaggy Dog, The (1959)"
[4],368,Bio-Dome (1996)
[19],1247,Bad Girls (1994)
[4],25,"Birdcage, The (1996)"
[ 4 15],109,Mystery Science Theater 3000: The Movie (1996)
[4],1092,Dear God (1996)
[19],922,Dead Man (1995)
[ 4 14],783,Milk Money (1994)
[4 7],45,Eat Drink Man Woman (1994)
[19],589,"Wild Bunch, The (1969)"
[14],1612,"Leading Man, The (1996)"
[7],1238,Full Speed (1996)
[4],609,Father of the Bride (1950)
[4 7],347,Wag the Dog (1997)
[7],427,To Kill a Mockingbird (1962)
[7],212,"Unbearable Lightness of Being, The (1988)"
[ 1  7 19],97,Dances with Wolves (1990)
[ 0 15],1416,No Escape (1994)
[ 2  3 12],432,Fantasia (1940)
[1 3],112,Flipper (1996)
[7],638,"Return of Martin Guerre, The (Retour de Martin Guerre, Le) (1982)"
[ 0 15 16],771,Johnny Mnemonic (1995)
[1 2 3 4 8],820,Space Jam (1996)
[4 5],194,"Sting, The (1973)"
[ 4 14],869,Fools Rush In (1997)
[4],341,Critical Care (1997)
[ 7 16],1651,"Spanish Prisoner, The (1997)"
[7],1442,"Scarlet Letter, The (1995)"
[0 4],1183,"Cowboy Way, The (1994)"
[ 4 14],1656,Little City (1998)
[4],1206,Amos & Andrew (1993)
[ 4 14],749,"MatchMaker, The (1997)"
[7],1392,"Locusts, The (1997)"
[4 7],953,Unstrung Heroes (1995)
[4],1360,"Sexual Life of the Belgians, The (1994)"
[6],1130,Jupiter's Wife (1994)
[ 7 14],1299,Penny Serenade (1941)
[7],1045,Fearless (1993)
[ 0  1  4 12 16],21,Muppet Treasure Island (1996)
[0 1 3 8],1615,Warriors of Virtue (1997)
[16],1253,"Tie That Binds, The (1995)"
[7],1661,"New Age, The (1994)"
[5],309,Deceiver (1997)
[7],1368,Mina Tannenbaum (1994)
[6],1232,Madonna: Truth or Dare (1991)
[7],537,My Own Private Idaho (1991)
[6 7],1561,Tigrero: A Film That Was Never Made (1994)
[15 16],758,Lawnmower Man 2: Beyond Cyberspace (1996)
[3 4],623,Angels in the Outfield (1994)
[12],605,Meet Me in St. Louis (1944)
[3 4],377,Heavyweights (1994)
[ 7 16],696,City Hall (1996)
[ 7 14],727,Immortal Beloved (1994)
[ 4 14],648,"Quiet Man, The (1952)"
[4],1600,Guantanamera (1994)
[5],1235,"Big Bang Theory, The (1994)"
[7],113,"Horseman on the Roof, The (Hussard sur le toit, Le) (1995)"
[ 0  4 19],73,Maverick (1994)
[7],1571,Touki Bouki (Journey of the Hyena) (1973)
[ 5  7 15],239,Sneakers (1992)
[ 0 13 14 16],328,Conspiracy Theory (1997)
[ 5 16],361,Incognito (1997)
[7],1421,My Crazy Life (Mi vida loca) (1993)
[7],292,Rosewood (1997)
[4 7],522,Down by Law (1986)
[0 1 7],526,Ben-Hur (1959)
[0],1228,Under Siege 2: Dark Territory (1995)
[7],215,Field of Dreams (1989)
[7],1628,Lamerica (1994)
[0 4],876,Money Talks (1997)
[10],424,Children of the Corn: The Gathering (1996)
[ 7 14 16],311,"Wings of the Dove, The (1997)"
[ 7 14],730,"Queen Margot (Reine Margot, La) (1994)"
[ 9 13 16],654,Chinatown (1974)
[ 7 10],928,"Craft, The (1996)"
[ 7 16],43,Disclosure (1994)
[10 16],788,Relative Fear (1994)
[7],632,Sophie's Choice (1982)
[10 16],406,Thinner (1996)
[ 7 18],10,Richard III (1995)
[4],1620,"Sixth Man, The (1997)"
[6],119,Maya Lin: A Strong Clear Vision (1994)
[3 4 7],8,Babe (1995)
[ 4  7 14],936,Brassed Off (1996)
[7],942,What's Love Got to Do with It (1993)
[0],779,Drop Zone (1994)
[7],1630,"Silence of the Palace, The (Saimt el Qusur) (1994)"
[10 15],84,Robert A. Heinlein's The Puppet Masters (1994)
[7],1401,M. Butterfly (1993)
[0],1087,Bloodsport 2 (1995)
[7],1391,For Ever Mozart (1996)
[4 7],1044,"Paper, The (1994)"
[4 7],1061,"Evening Star, The (1996)"
[0],1358,The Deadly Cure (1996)
[ 0 15 16],145,"Lawnmower Man, The (1992)"
[7],1332,My Life and Times With Antonin Artaud (En compagnie d'Antonin Artaud) (1993)
[13 16],603,Rear Window (1954)
[4],1408,Gordy (1995)
[ 4  7 18],1204,To Be or Not to Be (1942)
[ 7 16],44,Dolores Claiborne (1994)
[7],1068,"Star Maker, The (Uomo delle stelle, L') (1995)"
[7],1667,"Next Step, The (1995)"
[7],1113,Mrs. Parker and the Vicious Circle (1994)
[ 7 16],325,Crash (1996)
[ 4 13],342,"Man Who Knew Too Little, The (1997)"
[19],646,Once Upon a Time in the West (1969)
[4],269,"Full Monty, The (1997)"
[ 4 14],354,"Wedding Singer, The (1998)"
[18],1632,Land and Freedom (Tierra y libertad) (1995)
[4],116,Cold Comfort Farm (1995)
[ 7 14],131,Breakfast at Tiffany's (1961)
[ 0 16],265,"Hunt for Red October, The (1990)"
[0 5 7],187,"Godfather: Part II, The (1974)"
[4 5],1496,Carpool (1996)
[ 0  7 13 14 16],855,Diva (1981)
[ 7 16],741,"Last Supper, The (1995)"
[19],1587,Terror in a Texas Town (1958)
[4],376,Houseguest (1994)
[6],320,Paradise Lost: The Child Murders at Robin Hood Hills (1996)
[7],713,Othello (1995)
[4],401,"Brady Bunch Movie, The (1995)"
[7],1082,Female Perversions (1996)
[0 1],541,Mortal Kombat (1995)
[7],1449,Pather Panchali (1955)
[ 4 14],1102,Two Much (1996)
[7],1448,My Favorite Season (1993)
[6],1547,"Show, The (1995)"
[1 3],140,Homeward Bound: The Incredible Journey (1993)
[ 4 16],571,Another Stakeout (1993)
[ 7 16],678,Volcano (1997)
[ 4 12 14],451,Grease (1978)
[ 4 14],284,Tin Cup (1996)
[7],1062,Four Days in September (1997)
[4],1162,Phat Beach (1996)
[7],708,"Sex, Lies, and Videotape (1989)"
[5 7],293,Donnie Brasco (1997)
[7],1127,"Truman Show, The (1998)"
[ 4 14],764,If Lucy Fell (1996)
[7],1432,"Mighty, The (1998)"
[5],1390,"Innocent Sleep, The (1995)"
[7],650,"Seventh Seal, The (Sjunde inseglet, Det) (1957)"
[7],1252,"Contempt (Mépris, Le) (1963)"
[ 7 14],275,Sense and Sensibility (1995)
[7],1599,Someone Else's America (1995)
[ 4 12 14],835,"Gay Divorcee, The (1934)"
[ 4 14],781,French Kiss (1995)
[10 16],839,Loch Ness (1995)
[7],1539,Being Human (1993)
[ 7 16],581,Kalifornia (1993)
[ 0  1  4 14],385,True Lies (1994)
[ 0 16],1673,Mirage (1995)
[4],390,Fear of a Black Hat (1993)
[0 5],1618,King of New York (1990)
[7],310,"Rainmaker, The (1997)"
[7],460,"Crossing Guard, The (1995)"
[ 0  1 15 18],271,Starship Troopers (1997)
[ 7 13 14],1129,Chungking Express (1994)
[7],1642,Some Mother's Son (1996)
[ 2  3 12],71,"Lion King, The (1994)"
[ 4 14],1048,She's the One (1996)
[3 8],548,"NeverEnding Story III, The (1994)"
[16],1248,Blink (1994)
[7],703,Widows' Peak (1994)
[3 4 7],842,Pollyanna (1960)
[ 7 13],1284,Before and After (1996)
[4],1511,Children of the Revolution (1996)
[ 4 14 16],90,So I Married an Axe Murderer (1993)
[ 4 14 18],69,Forrest Gump (1994)
[10],200,"Shining, The (1980)"
[4],1437,House Party 3 (1994)
[ 0  5 15],39,Strange Days (1995)
[ 7 13 14],1212,Flesh and Bone (1993)
[1 3],1555,"Secret Adventures of Tom Thumb, The (1993)"
[7],1355,Infinity (1996)
[3 4],94,Home Alone (1990)
[5 7],76,Carlito's Way (1993)
[7],160,Glengarry Glen Ross (1992)
[ 4 14],739,Pretty Woman (1990)
[16],466,Red Rock West (1992)
[7],1554,Safe Passage (1994)
[14 16],1679,B. Monkey (1998)
[0],1303,"Getaway, The (1994)"
[7],888,One Night Stand (1997)
[10],441,"Amityville Horror, The (1979)"
[0 7],1646,Men With Guns (1997)
[4],367,Clueless (1995)
[7],64,"Shawshank Redemption, The (1994)"
[7],1263,Foxfire (1996)
[4],1118,Up in Smoke (1978)
[7],1466,Margaret's Museum (1995)
[0 5 7],127,"Godfather, The (1972)"
[4 7],1633,Á köldum klaka (Cold Fever) (1994)
[4],1489,Chasers (1994)
[ 5 16],12,"Usual Suspects, The (1995)"
[ 4 18],502,Bananas (1971)
[14],1353,1-900 (1994)
[7],1276,Sunset Park (1996)
[6],1128,Heidi Fleiss: Hollywood Madam (1995) 
[3 4],225,101 Dalmatians (1996)
[4],372,Jeffrey (1995)
[7],534,Traveller (1997)
[ 7 14],794,It Could Happen to You (1994)
[4 7],150,Swingers (1996)
[ 4  7 14],731,"Corrina, Corrina (1994)"
[ 0  1 16],1016,Con Air (1997)
[7],221,Breaking the Waves (1996)
[ 4 14],514,Annie Hall (1977)
[ 0  1  3  8 15],755,Jumanji (1995)
[4],338,Bean (1997)
[ 0  1 15 16],831,Escape from L.A. (1996)
[4 7],1237,Twisted (1996)
[ 7 16],223,Sling Blade (1996)
[7],1086,It's My Party (1995)
[16],1579,Baton Rouge (1988)
[7],86,"Remains of the Day, The (1993)"
[10],567,Wes Craven's New Nightmare (1994)
[4 7],1197,"Family Thing, A (1996)"
[ 4 15],1472,"Visitors, The (Visiteurs, Les) (1993)"
[ 7 14],643,The Innocent (1994)
[6],360,Wonderland (1997)
[ 3  4 13],1003,That Darn Cat! (1997)
[ 4 14],274,Sabrina (1995)
[1 3 8],951,"Indian in the Cupboard, The (1995)"
[7],126,"Spitfire Grill, The (1996)"
[3 7],416,Old Yeller (1957)
[6],701,"Wonderful, Horrible Life of Leni Riefenstahl, The (1993)"
[ 0 16],281,"River Wild, The (1994)"
[ 0 14 16],751,Tomorrow Never Dies (1997)
[4],722,Nine Months (1995)
[6],1318,Catwalk (1995)
[ 0 15],1215,Barb Wire (1996)
[6],644,"Thin Blue Line, The (1988)"
[7],378,Miracle on 34th Street (1994)
[1 3],622,Swiss Family Robinson (1960)
[ 0  1  5 16],802,Hard Target (1993)
[7],1517,Race the Sun (1996)
[4],1435,"Steal Big, Steal Little (1995)"
[4 7],856,Night on Earth (1991)
[15 16],1274,Robocop 3 (1993)
[ 0 16],841,"Glimmer Man, The (1996)"
[7],1675,"Sunchaser, The (1996)"
[7],1227,"Awfully Big Adventure, An (1995)"
[ 3  4 19],415,"Apple Dumpling Gang, The (1975)"
[14],966,"Affair to Remember, An (1957)"
[4],913,Love and Death on Long Island (1997)
[4],410,Kingpin (1996)
[4 7],93,Welcome to the Dollhouse (1995)
[4 7],409,Jack (1996)
[0],599,Police Story 4: Project S (Chao ji ji hua) (1993)
[7],1017,Trees Lounge (1996)
[7],1005,"Double vie de Véronique, La (Double Life of Veronique, The) (1991)"
[ 0 13 15 16],260,Event Horizon (1997)
[ 7 14],875,She's So Lovely (1997)
[ 0 16],1595,Shopping (1994)
[ 5  9 13],611,Laura (1944)
[ 7 14],1132,Feeling Minnesota (1996)
[ 4 14],535,Addicted to Love (1997)
[ 4  5 10],396,Serial Mom (1994)
[ 0 15],250,"Fifth Element, The (1997)"
[ 0  4 19],435,Butch Cassidy and the Sundance Kid (1969)
[0 1],1034,"Quest, The (1996)"
[4],893,For Richer or Poorer (1997)
[4],369,Black Sheep (1996)
[10],706,Bad Moon (1996)
[ 0  1 16],982,Maximum Risk (1996)
[16],3,Four Rooms (1995)
[ 0  1 15 16],252,"Lost World: Jurassic Park, The (1997)"
[4],1490,Fausto (1993)
[ 0  1 15],450,Star Trek V: The Final Frontier (1989)
[5 7],628,Sleepers (1996)
[5],1187,Switchblade Sisters (1975)
[16],1601,Office Killer (1997)
[ 7 14],949,How to Make an American Quilt (1995)
[7],1381,Losing Chase (1996)
[ 7 18],471,Courage Under Fire (1996)
[ 0 16],323,Dante's Peak (1997)
[ 0  7 16 18],245,"Devil's Own, The (1997)"
[ 4 12 14],319,Everyone Says I Love You (1996)
[ 4 10],208,Young Frankenstein (1974)
[4 5],1534,Twin Town (1997)
[4],1287,Ed (1996)
[4],957,Pushing Hands (1992)
[7],1148,Tom & Viv (1994)
[4],663,Being There (1979)
[ 7 13],191,Amadeus (1984)
[7],149,Jude (1996)
[14],1394,Swept from the Sea (1997)
[7],1427,Drunks (1995)
[ 0 15 16],825,"Arrival, The (1996)"
[7],1136,Ghosts of Mississippi (1996)
[7],1676,"War at Home, The (1996)"
[ 0  1 16],1105,Firestorm (1998)
[7],1168,Little Buddha (1993)
[4],818,Girl 6 (1996)
[16],1522,Trial by Jury (1994)
[ 7 14],740,Jane Eyre (1996)
[4],1291,Celtic Pride (1996)
[7],1417,"Turning, The (1992)"
[ 7 18],190,Henry V (1989)
[ 0 14 16],568,Speed (1994)
[ 0  1  3 15],398,Super Mario Bros. (1993)
[14],1340,"Crude Oasis, The (1995)"
[7],1440,Above the Rim (1994)
[7],868,Hearts and Minds (1996)
[13 16],1042,Just Cause (1995)
[4],1507,Three Lives and Only One Death (1996)
[ 5 16],583,Romeo Is Bleeding (1993)
[ 7 14],704,"House of the Spirits, The (1993)"
[0 3],374,Mighty Morphin Power Rangers: The Movie (1995)
[4 7],47,Ed Wood (1994)
[ 0 16],226,Die Hard 2 (1990)
[ 0  7 16],1491,Tough and Deadly (1995)
[7],1623,"Cérémonie, La (1995)"
[3 4],932,First Kid (1996)
[ 4 14],873,Picture Perfect (1997)
[7],506,Rebel Without a Cause (1955)
[ 4 14],785,Only You (1994)
[ 0  1 15],449,Star Trek: The Motion Picture (1979)
[10],666,Blood For Dracula (Andy Warhol's Dracula) (1974)
[4],745,"Ruling Class, The (1972)"
[ 0  1 19],562,"Quick and the Dead, The (1995)"
[4],995,"Kiss Me, Guido (1997)"
[7],58,Quiz Show (1994)
[ 4 12],352,Spice World (1997)
[ 3  7  8 15],423,E.T. the Extra-Terrestrial (1982)
[4],1120,I'm Not Rappaport (1996)
[ 4 14],1385,Roseanna's Grave (For Roseanna) (1997)
[7],1551,"Glass Shield, The (1994)"
[7],1506,Nelly & Monsieur Arnaud (1995)
[ 4 14],1155,"Rendezvous in Paris (Rendez-vous de Paris, Les) (1995)"
[4],1668,Wedding Bell Blues (1996)
[7],1338,Two Deaths (1995)
[16],1038,Switchback (1997)
[13 14 16],608,Spellbound (1945)
[0],1244,Metro (1997)
[ 4 10],859,April Fool's Day (1986)
[13 16],322,Murder at 1600 (1997)
[ 0  7 18],651,Glory (1989)
[0 7],1433,Men of Means (1998)
[9],1476,Raw Deal (1948)
[ 7 16],963,Some Folks Call It a Sling Blade (1993)
[7],956,Nobody's Fool (1994)
[ 1  2  3 12],1091,Pete's Dragon (1977)
[ 0 10 15],343,Alien: Resurrection (1997)
[7],1607,Hurricane Streets (1998)
[0 4],1181,"Low Down Dirty Shame, A (1994)"
[7],1384,Squeeze (1996)
[7],1397,Of Human Bondage (1934)
[4 7],1557,Yankee Zulu (1994)
[7],606,All About Eve (1950)
[4],746,Real Genius (1985)
[7],1640,"Eighth Day, The (1996)"
[14 16],607,Rebecca (1940)
[7],1146,Calendar Girl (1993)
[13],493,"Thin Man, The (1934)"
[ 4  7 14],775,Something to Talk About (1995)
[7],1467,"Saint of Fort Washington, The (1993)"
[ 1  3  8 15],141,"20,000 Leagues Under the Sea (1954)"
[5 7],911,Twilight (1998)
[ 4 14],81,"Hudsucker Proxy, The (1994)"
[7],934,"Preacher's Wife, The (1996)"
[7],1223,King of the Hill (1993)
[7],458,Nixon (1995)
[ 0 15],797,Timecop (1994)
[15 16],38,"Net, The (1995)"
[10],438,Amityville 3-D (1983)
[4 7],1296,Indian Summer (1996)
[0 4 5 7],1138,Best Men (1997)
[14],1387,Fall (1997)
[7],1282,"Grass Harp, The (1995)"
[7],527,Gandhi (1982)
[0],798,Bad Company (1995)
[ 0 16],1393,Stag (1997)
[7],1123,"Last Time I Saw Paris, The (1954)"
[3 4 8],1336,Kazaam (1996)
[14],1262,Walking and Talking (1996)
[4],384,Naked Gun 33 1/3: The Final Insult (1994)
[ 7 14],955,Before Sunrise (1995)
[ 0 13 16],830,Power 98 (1995)
[1],519,"Treasure of the Sierra Madre, The (1948)"
[10],777,Castle Freak (1995)
[4 7],1339,Stefano Quantestorie (1993)
[ 0  7 19],840,Last Man Standing (1996)
[10],1573,Spirits of the Dead (Tre passi nel delirio) (1968)
[4],1611,Intimate Relations (1996)
[16],1125,"Innocents, The (1961)"
[4],824,"Great White Hype, The (1996)"
[7],1354,Venice/Venice (1992)
[18],593,Stalingrad (1993)
